,ADDRESS,LATITUDE,LONGITUDE,IN_RANGE
12,4th & M St SE,38.876751,-77.000736,True
13,Kansas Ave & Sherman Cr NW,38.948057,-77.021467,True
54,14th & Harvard St NW,38.9268,-77.0322,True
55,Calvert & Biltmore St NW,38.923203,-77.047637,True
228,20th St & Virginia Ave NW,38.894721999999994,-77.045128,True
234,Walter Reed Dr & 16th St S,38.857803000000004,-77.086733,True
264,S George Mason & Four Mile Run Dr,38.852247999999996,-77.105022,True
270,3rd & Elm St NW,38.917621999999994,-77.01597,True
271,Rhode Island Ave & V St NE,38.918155,-77.004746,True
276,Columbia Pike & S Walter Reed Dr,38.862478,-77.086599,True
277,Arlington Mill Cmty Center / Columbia Pike & S Dinwiddie St,38.856319,-77.11153,True
282,Fallsgrove Blvd & Fallsgrove Dr,39.096312,-77.192672,True
288,Maple & Ritchie Ave,38.983627,-77.006311,True
486,Columbia & Ontario Rd NW,38.924088,-77.040787,True
