,Start,End,product_name,distance,high_estimate,low_estimate,duration
0,C07,C08,Black,1.04,18.0,14.0,420
1,C07,C08,UberXL,1.04,10.0,7.0,420
2,C07,C08,Pool,1.04,9.0,5.0,420
3,C07,C08,UberX,1.04,8.0,6.0,420
4,C07,C08,Black SUV,1.04,29.0,23.0,420
5,C07,C08,WAV,1.04,8.0,6.0,420
6,C07,C08,UberX Car Seat,1.04,19.0,14.0,420
7,C07,C08,Black SUV Car Seat,1.04,39.0,31.0,420
8,C07,C08,Black Car Seat,1.04,28.0,22.0,420
9,C07,C09,Black,1.61,20.0,15.0,480
10,C07,C09,UberXL,1.61,12.0,9.0,480
11,C07,C09,Pool,1.61,9.0,5.0,480
12,C07,C09,UberX,1.61,8.0,6.0,480
13,C07,C09,Black SUV,1.61,29.0,23.0,480
14,C07,C09,WAV,1.61,8.0,6.0,480
15,C07,C09,UberX Car Seat,1.61,19.0,15.0,480
16,C07,C09,Black SUV Car Seat,1.61,39.0,31.0,480
17,C07,C09,Black Car Seat,1.61,30.0,24.0,480
18,C07,C10,Black,2.74,29.0,23.0,600
19,C07,C10,UberXL,2.74,19.0,15.0,600
20,C07,C10,Pool,2.74,14.0,10.0,600
21,C07,C10,UberX,2.74,14.0,11.0,600
22,C07,C10,Black SUV,2.74,38.0,30.0,600
23,C07,C10,WAV,2.74,14.0,11.0,600
24,C07,C10,UberX Car Seat,2.74,26.0,20.0,600
25,C07,C10,Black SUV Car Seat,2.74,48.0,39.0,600
26,C07,C10,Black Car Seat,2.74,39.0,31.0,600
27,C07,C12,Black,6.31,38.0,30.0,900
28,C07,C12,UberXL,6.31,24.0,19.0,900
29,C07,C12,Pool,6.31,15.0,10.0,900
30,C07,C12,UberX,6.31,14.0,11.0,900
31,C07,C12,Black SUV,6.31,49.0,39.0,900
32,C07,C12,WAV,6.31,14.0,11.0,900
33,C07,C12,UberX Car Seat,6.31,26.0,20.0,900
34,C07,C12,Black SUV Car Seat,6.31,59.0,47.0,900
35,C07,C12,Black Car Seat,6.31,48.0,38.0,900
36,C07,C13,Black,7.47,43.0,34.0,1080
37,C07,C13,UberXL,7.47,28.0,22.0,1080
38,C07,C13,Pool,7.47,17.0,12.0,1080
39,C07,C13,UberX,7.47,16.0,13.0,1080
40,C07,C13,Black SUV,7.47,55.0,44.0,1080
41,C07,C13,WAV,7.47,16.0,13.0,1080
42,C07,C13,UberX Car Seat,7.47,28.0,22.0,1080
43,C07,C13,Black SUV Car Seat,7.47,65.0,52.0,1080
44,C07,C13,Black Car Seat,7.47,54.0,43.0,1080
45,C07,C14,Black,9.29,48.0,39.0,1140
46,C07,C14,UberXL,9.29,32.0,26.0,1140
47,C07,C14,Pool,9.29,19.0,13.0,1140
48,C07,C14,UberX,9.29,18.0,14.0,1140
49,C07,C14,Black SUV,9.29,61.0,49.0,1140
50,C07,C14,WAV,9.29,18.0,14.0,1140
51,C07,C14,UberX Car Seat,9.29,30.0,24.0,1140
52,C07,C14,Black SUV Car Seat,9.29,71.0,57.0,1140
53,C07,C14,Black Car Seat,9.29,59.0,47.0,1140
54,C07,C15,Black,8.93,49.0,39.0,1200
55,C07,C15,UberXL,8.93,32.0,25.0,1200
56,C07,C15,Pool,8.93,19.0,13.0,1200
57,C07,C15,UberX,8.93,19.0,14.0,1200
58,C07,C15,Black SUV,8.93,61.0,49.0,1200
59,C07,C15,WAV,8.93,19.0,14.0,1200
60,C07,C15,UberX Car Seat,8.93,30.0,24.0,1200
61,C07,C15,Black SUV Car Seat,8.93,71.0,57.0,1200
62,C07,C15,Black Car Seat,8.93,59.0,48.0,1200
63,C07,F03,Black,3.28,26.0,20.0,600
64,C07,F03,UberXL,3.28,16.0,12.0,600
65,C07,F03,Pool,3.28,11.0,8.0,600
66,C07,F03,UberX,3.28,11.0,8.0,600
67,C07,F03,Black SUV,3.28,35.0,28.0,600
68,C07,F03,WAV,3.28,11.0,8.0,600
69,C07,F03,UberX Car Seat,3.28,24.0,18.0,600
70,C07,F03,Black SUV Car Seat,3.28,46.0,36.0,600
71,C07,F03,Black Car Seat,3.28,36.0,29.0,600
72,C07,C05,Black,3.76,28.0,22.0,660
73,C07,C05,UberXL,3.76,17.0,13.0,660
74,C07,C05,Pool,3.76,11.0,8.0,660
75,C07,C05,UberX,3.76,11.0,8.0,660
76,C07,C05,Black SUV,3.76,38.0,30.0,660
77,C07,C05,WAV,3.76,11.0,8.0,660
78,C07,C05,UberX Car Seat,3.76,22.0,17.0,660
79,C07,C05,Black SUV Car Seat,3.76,48.0,38.0,660
80,C07,C05,Black Car Seat,3.76,38.0,30.0,660
81,C07,C06,Black,2.64,23.0,18.0,480
82,C07,C06,UberXL,2.64,14.0,11.0,480
83,C07,C06,Pool,2.64,10.0,6.0,480
84,C07,C06,UberX,2.64,9.0,7.0,480
85,C07,C06,Black SUV,2.64,32.0,25.0,480
86,C07,C06,WAV,2.64,9.0,7.0,480
87,C07,C06,UberX Car Seat,2.64,21.0,16.0,480
88,C07,C06,Black SUV Car Seat,2.64,42.0,34.0,480
89,C07,C06,Black Car Seat,2.64,33.0,26.0,480
90,C07,J02,Black,8.79,46.0,37.0,1020
91,C07,J02,UberXL,8.79,31.0,24.0,1020
92,C07,J02,Pool,8.79,18.0,13.0,1020
93,C07,J02,UberX,8.79,18.0,13.0,1020
94,C07,J02,Black SUV,8.79,58.0,47.0,1020
95,C07,J02,WAV,8.79,18.0,13.0,1020
96,C07,J02,UberX Car Seat,8.79,29.0,23.0,1020
97,C07,J02,Black SUV Car Seat,8.79,68.0,55.0,1020
98,C07,J02,Black Car Seat,8.79,57.0,45.0,1020
99,C07,J03,Black,12.17,57.0,46.0,1260
100,C07,J03,UberXL,12.17,39.0,31.0,1260
101,C07,J03,Pool,12.17,22.0,16.0,1260
102,C07,J03,UberX,12.17,22.0,17.0,1260
103,C07,J03,Black SUV,12.17,71.0,57.0,1260
104,C07,J03,WAV,12.17,22.0,17.0,1260
105,C07,J03,UberX Car Seat,12.17,33.0,26.0,1260
106,C07,J03,Black SUV Car Seat,12.17,81.0,65.0,1260
107,C07,J03,Black Car Seat,12.17,68.0,55.0,1260
108,C08,C07,Black,0.83,18.0,14.0,240
109,C08,C07,UberXL,0.83,10.0,7.0,240
110,C08,C07,Pool,0.83,9.0,5.0,240
111,C08,C07,UberX,0.83,8.0,6.0,240
112,C08,C07,Black SUV,0.83,29.0,23.0,240
113,C08,C07,WAV,0.83,8.0,6.0,240
114,C08,C07,UberX Car Seat,0.83,18.0,14.0,240
115,C08,C07,Black SUV Car Seat,0.83,39.0,31.0,240
116,C08,C07,Black Car Seat,0.83,28.0,22.0,240
117,C08,C09,Black,0.97,18.0,14.0,300
118,C08,C09,UberXL,0.97,10.0,7.0,300
119,C08,C09,Pool,0.97,9.0,5.0,300
120,C08,C09,UberX,0.97,8.0,6.0,300
121,C08,C09,Black SUV,0.97,29.0,23.0,300
122,C08,C09,WAV,0.97,8.0,6.0,300
123,C08,C09,UberX Car Seat,0.97,18.0,14.0,300
124,C08,C09,Black SUV Car Seat,0.97,39.0,31.0,300
125,C08,C09,Black Car Seat,0.97,28.0,22.0,300
126,C08,C10,Black,2.08,25.0,20.0,420
127,C08,C10,UberXL,2.08,17.0,13.0,420
128,C08,C10,Pool,2.08,13.0,9.0,420
129,C08,C10,UberX,2.08,13.0,9.0,420
130,C08,C10,Black SUV,2.08,34.0,27.0,420
131,C08,C10,WAV,2.08,13.0,9.0,420
132,C08,C10,UberX Car Seat,2.08,24.0,19.0,420
133,C08,C10,Black SUV Car Seat,2.08,44.0,35.0,420
134,C08,C10,Black Car Seat,2.08,35.0,28.0,420
135,C08,C12,Black,4.58,31.0,25.0,720
136,C08,C12,UberXL,4.58,20.0,15.0,720
137,C08,C12,Pool,4.58,13.0,9.0,720
138,C08,C12,UberX,4.58,13.0,10.0,720
139,C08,C12,Black SUV,4.58,41.0,33.0,720
140,C08,C12,WAV,4.58,13.0,10.0,720
141,C08,C12,UberX Car Seat,4.58,26.0,20.0,720
142,C08,C12,Black SUV Car Seat,4.58,52.0,41.0,720
143,C08,C12,Black Car Seat,4.58,42.0,33.0,720
144,C08,C13,Black,6.97,39.0,31.0,900
145,C08,C13,UberXL,6.97,26.0,20.0,900
146,C08,C13,Pool,6.97,15.0,11.0,900
147,C08,C13,UberX,6.97,15.0,11.0,900
148,C08,C13,Black SUV,6.97,50.0,40.0,900
149,C08,C13,WAV,6.97,15.0,11.0,900
150,C08,C13,UberX Car Seat,6.97,27.0,21.0,900
151,C08,C13,Black SUV Car Seat,6.97,61.0,49.0,900
152,C08,C13,Black Car Seat,6.97,50.0,40.0,900
153,C08,C14,Black,6.93,41.0,33.0,1020
154,C08,C14,UberXL,6.93,26.0,21.0,1020
155,C08,C14,Pool,6.93,16.0,11.0,1020
156,C08,C14,UberX,6.93,16.0,12.0,1020
157,C08,C14,Black SUV,6.93,52.0,42.0,1020
158,C08,C14,WAV,6.93,16.0,12.0,1020
159,C08,C14,UberX Car Seat,6.93,27.0,21.0,1020
160,C08,C14,Black SUV Car Seat,6.93,62.0,50.0,1020
161,C08,C14,Black Car Seat,6.93,51.0,41.0,1020
162,C08,C15,Black,7.54,43.0,35.0,1080
163,C08,C15,UberXL,7.54,28.0,22.0,1080
164,C08,C15,Pool,7.54,15.0,11.0,1080
165,C08,C15,UberX,7.54,15.0,11.0,1080
166,C08,C15,Black SUV,7.54,55.0,44.0,1080
167,C08,C15,WAV,7.54,15.0,11.0,1080
168,C08,C15,UberX Car Seat,7.54,26.0,20.0,1080
169,C08,C15,Black SUV Car Seat,7.54,65.0,52.0,1080
170,C08,C15,Black Car Seat,7.54,54.0,43.0,1080
171,C08,F03,Black,3.39,25.0,20.0,540
172,C08,F03,UberXL,3.39,16.0,12.0,540
173,C08,F03,Pool,3.39,11.0,7.0,540
174,C08,F03,UberX,3.39,11.0,8.0,540
175,C08,F03,Black SUV,3.39,35.0,27.0,540
176,C08,F03,WAV,3.39,11.0,8.0,540
177,C08,F03,UberX Car Seat,3.39,23.0,18.0,540
178,C08,F03,Black SUV Car Seat,3.39,45.0,36.0,540
179,C08,F03,Black Car Seat,3.39,35.0,28.0,540
180,C08,C05,Black,3.87,27.0,21.0,600
181,C08,C05,UberXL,3.87,17.0,13.0,600
182,C08,C05,Pool,3.87,11.0,7.0,600
183,C08,C05,UberX,3.87,11.0,8.0,600
184,C08,C05,Black SUV,3.87,37.0,29.0,600
185,C08,C05,WAV,3.87,11.0,8.0,600
186,C08,C05,UberX Car Seat,3.87,22.0,17.0,600
187,C08,C05,Black SUV Car Seat,3.87,47.0,38.0,600
188,C08,C05,Black Car Seat,3.87,37.0,30.0,600
189,C08,C06,Black,2.75,22.0,17.0,420
190,C08,C06,UberXL,2.75,14.0,10.0,420
191,C08,C06,Pool,2.75,9.0,6.0,420
192,C08,C06,UberX,2.75,9.0,6.0,420
193,C08,C06,Black SUV,2.75,31.0,25.0,420
194,C08,C06,WAV,2.75,9.0,6.0,420
195,C08,C06,UberX Car Seat,2.75,20.0,16.0,420
196,C08,C06,Black SUV Car Seat,2.75,41.0,33.0,420
197,C08,C06,Black Car Seat,2.75,32.0,25.0,420
198,C08,J02,Black,8.18,41.0,33.0,840
199,C08,J02,UberXL,8.18,28.0,22.0,840
200,C08,J02,Pool,8.18,16.0,11.0,840
201,C08,J02,UberX,8.18,16.0,12.0,840
202,C08,J02,Black SUV,8.18,53.0,42.0,840
203,C08,J02,WAV,8.18,16.0,12.0,840
204,C08,J02,UberX Car Seat,8.18,27.0,21.0,840
205,C08,J02,Black SUV Car Seat,8.18,63.0,51.0,840
206,C08,J02,Black Car Seat,8.18,52.0,41.0,840
207,C08,C07,Black,11.56,53.0,42.0,1080
208,C08,C07,UberXL,11.56,37.0,29.0,1080
209,C08,C07,Pool,11.56,20.0,15.0,1080
210,C08,C07,UberX,11.56,20.0,15.0,1080
211,C08,C07,Black SUV,11.56,66.0,53.0,1080
212,C08,C07,WAV,11.56,20.0,15.0,1080
213,C08,C07,UberX Car Seat,11.56,32.0,25.0,1080
214,C08,C07,Black SUV Car Seat,11.56,76.0,61.0,1080
215,C08,C07,Black Car Seat,11.56,63.0,51.0,1080
216,C09,C09,Black,1.12,18.0,14.0,360
217,C09,C09,UberXL,1.12,10.0,7.0,360
218,C09,C09,Pool,1.12,9.0,5.0,360
219,C09,C09,UberX,1.12,8.0,6.0,360
220,C09,C09,Black SUV,1.12,29.0,23.0,360
221,C09,C09,WAV,1.12,8.0,6.0,360
222,C09,C09,UberX Car Seat,1.12,19.0,14.0,360
223,C09,C09,Black SUV Car Seat,1.12,39.0,31.0,360
224,C09,C09,Black Car Seat,1.12,28.0,22.0,360
225,C09,C10,Black,0.83,18.0,14.0,240
226,C09,C10,UberXL,0.83,10.0,7.0,240
227,C09,C10,Pool,0.83,9.0,5.0,240
228,C09,C10,UberX,0.83,8.0,6.0,240
229,C09,C10,Black SUV,0.83,29.0,23.0,240
230,C09,C10,WAV,0.83,8.0,6.0,240
231,C09,C10,UberX Car Seat,0.83,18.0,14.0,240
232,C09,C10,Black SUV Car Seat,0.83,39.0,31.0,240
233,C09,C10,Black Car Seat,0.83,28.0,22.0,240
234,C09,C12,Black,1.56,23.0,18.0,360
235,C09,C12,UberXL,1.56,15.0,12.0,360
236,C09,C12,Pool,1.56,13.0,9.0,360
237,C09,C12,UberX,1.56,13.0,9.0,360
238,C09,C12,Black SUV,1.56,34.0,27.0,360
239,C09,C12,WAV,1.56,13.0,9.0,360
240,C09,C12,UberX Car Seat,1.56,23.0,18.0,360
241,C09,C12,Black SUV Car Seat,1.56,44.0,35.0,360
242,C09,C12,Black Car Seat,1.56,33.0,26.0,360
243,C09,C13,Black,4.06,29.0,23.0,660
244,C09,C13,UberXL,4.06,18.0,14.0,660
245,C09,C13,Pool,4.06,12.0,8.0,660
246,C09,C13,UberX,4.06,11.0,8.0,660
247,C09,C13,Black SUV,4.06,39.0,31.0,660
248,C09,C13,WAV,4.06,11.0,8.0,660
249,C09,C13,UberX Car Seat,4.06,23.0,18.0,660
250,C09,C13,Black SUV Car Seat,4.06,49.0,39.0,660
251,C09,C13,Black Car Seat,4.06,39.0,31.0,660
252,C09,C14,Black,5.21,35.0,28.0,900
253,C09,C14,UberXL,5.21,22.0,17.0,900
254,C09,C14,Pool,5.21,14.0,10.0,900
255,C09,C14,UberX,5.21,13.0,10.0,900
256,C09,C14,Black SUV,5.21,45.0,36.0,900
257,C09,C14,WAV,5.21,13.0,10.0,900
258,C09,C14,UberX Car Seat,5.21,25.0,20.0,900
259,C09,C14,Black SUV Car Seat,5.21,56.0,45.0,900
260,C09,C14,Black Car Seat,5.21,45.0,36.0,900
261,C09,C15,Black,7.03,42.0,33.0,1020
262,C09,C15,UberXL,7.03,27.0,21.0,1020
263,C09,C15,Pool,7.03,16.0,11.0,1020
264,C09,C15,UberX,7.03,16.0,12.0,1020
265,C09,C15,Black SUV,7.03,53.0,42.0,1020
266,C09,C15,WAV,7.03,16.0,12.0,1020
267,C09,C15,UberX Car Seat,7.03,27.0,22.0,1020
268,C09,C15,Black SUV Car Seat,7.03,63.0,51.0,1020
269,C09,C15,Black Car Seat,7.03,52.0,42.0,1020
270,C09,F03,Black,6.67,41.0,32.0,1020
271,C09,F03,UberXL,6.67,26.0,20.0,1020
272,C09,F03,Pool,6.67,16.0,11.0,1020
273,C09,F03,UberX,6.67,16.0,12.0,1020
274,C09,F03,Black SUV,6.67,52.0,41.0,1020
275,C09,F03,WAV,6.67,16.0,12.0,1020
276,C09,F03,UberX Car Seat,6.67,27.0,21.0,1020
277,C09,F03,Black SUV Car Seat,6.67,62.0,50.0,1020
278,C09,F03,Black Car Seat,6.67,51.0,41.0,1020
279,C09,C05,Black,3.0,23.0,18.0,480
280,C09,C05,UberXL,3.0,15.0,11.0,480
281,C09,C05,Pool,3.0,9.0,6.0,480
282,C09,C05,UberX,3.0,9.0,6.0,480
283,C09,C05,Black SUV,3.0,33.0,26.0,480
284,C09,C05,WAV,3.0,9.0,6.0,480
285,C09,C05,UberX Car Seat,3.0,19.0,15.0,480
286,C09,C05,Black SUV Car Seat,3.0,43.0,34.0,480
287,C09,C05,Black Car Seat,3.0,34.0,27.0,480
288,C09,C06,Black,3.48,25.0,20.0,480
289,C09,C06,UberXL,3.48,16.0,12.0,480
290,C09,C06,Pool,3.48,11.0,7.0,480
291,C09,C06,UberX,3.48,11.0,8.0,480
292,C09,C06,Black SUV,3.48,35.0,27.0,480
293,C09,C06,WAV,3.48,11.0,8.0,480
294,C09,C06,UberX Car Seat,3.48,23.0,18.0,480
295,C09,C06,Black SUV Car Seat,3.48,45.0,36.0,480
296,C09,C06,Black Car Seat,3.48,35.0,28.0,480
297,C09,J02,Black,2.35,20.0,16.0,360
298,C09,J02,UberXL,2.35,13.0,9.0,360
299,C09,J02,Pool,2.35,9.0,5.0,360
300,C09,J02,UberX,2.35,8.0,6.0,360
301,C09,J02,Black SUV,2.35,29.0,23.0,360
302,C09,J02,WAV,2.35,8.0,6.0,360
303,C09,J02,UberX Car Seat,2.35,20.0,15.0,360
304,C09,J02,Black SUV Car Seat,2.35,40.0,31.0,360
305,C09,J02,Black Car Seat,2.35,31.0,24.0,360
306,C09,C07,Black,8.98,45.0,36.0,960
307,C09,C07,UberXL,8.98,31.0,24.0,960
308,C09,C07,Pool,8.98,17.0,13.0,960
309,C09,C07,UberX,8.98,17.0,13.0,960
310,C09,C07,Black SUV,8.98,57.0,46.0,960
311,C09,C07,WAV,8.98,17.0,13.0,960
312,C09,C07,UberX Car Seat,8.98,29.0,23.0,960
313,C09,C07,Black SUV Car Seat,8.98,68.0,54.0,960
314,C09,C07,Black Car Seat,8.98,56.0,45.0,960
315,C09,C08,Black,12.36,57.0,46.0,1200
316,C09,C08,UberXL,12.36,40.0,32.0,1200
317,C09,C08,Pool,12.36,22.0,16.0,1200
318,C09,C08,UberX,12.36,22.0,17.0,1200
319,C09,C08,Black SUV,12.36,71.0,57.0,1200
320,C09,C08,WAV,12.36,22.0,17.0,1200
321,C09,C08,UberX Car Seat,12.36,33.0,26.0,1200
322,C09,C08,Black SUV Car Seat,12.36,81.0,65.0,1200
323,C09,C08,Black Car Seat,12.36,68.0,55.0,1200
324,C10,C10,Black,3.29,29.0,23.0,480
325,C10,C10,UberXL,3.29,20.0,15.0,480
326,C10,C10,Pool,3.29,14.0,10.0,480
327,C10,C10,Black SUV,3.29,38.0,30.0,480
328,C10,C10,UberX,3.29,14.0,11.0,480
329,C10,C10,WAV,3.29,14.0,11.0,480
330,C10,C10,UberX Car Seat,3.29,26.0,20.0,480
331,C10,C10,Black SUV Car Seat,3.29,49.0,39.0,480
332,C10,C10,Black Car Seat,3.29,39.0,31.0,480
333,C10,C12,Black,3.26,28.0,22.0,480
334,C10,C12,UberXL,3.26,20.0,15.0,480
335,C10,C12,Pool,3.26,14.0,10.0,480
336,C10,C12,Black SUV,3.26,38.0,30.0,480
337,C10,C12,UberX,3.26,14.0,10.0,480
338,C10,C12,WAV,3.26,14.0,10.0,480
339,C10,C12,UberX Car Seat,3.26,25.0,20.0,480
340,C10,C12,Black SUV Car Seat,3.26,48.0,38.0,480
341,C10,C12,Black Car Seat,3.26,39.0,31.0,480
342,C10,C13,Black,1.81,24.0,19.0,420
343,C10,C13,UberXL,1.81,16.0,12.0,420
344,C10,C13,Pool,1.81,13.0,9.0,420
345,C10,C13,Black SUV,1.81,34.0,27.0,420
346,C10,C13,UberX,1.81,13.0,9.0,420
347,C10,C13,WAV,1.81,13.0,9.0,420
348,C10,C13,UberX Car Seat,1.81,24.0,19.0,420
349,C10,C13,Black SUV Car Seat,1.81,44.0,35.0,420
350,C10,C13,Black Car Seat,1.81,34.0,27.0,420
351,C10,C14,Black,4.07,32.0,26.0,600
352,C10,C14,UberXL,4.07,22.0,17.0,600
353,C10,C14,Pool,4.07,16.0,11.0,600
354,C10,C14,Black SUV,4.07,42.0,34.0,600
355,C10,C14,UberX,4.07,15.0,12.0,600
356,C10,C14,WAV,4.07,15.0,12.0,600
357,C10,C14,UberX Car Seat,4.07,27.0,21.0,600
358,C10,C14,Black SUV Car Seat,4.07,53.0,42.0,600
359,C10,C14,Black Car Seat,4.07,43.0,34.0,600
360,C10,C15,Black,5.23,38.0,30.0,840
361,C10,C15,UberXL,5.23,26.0,20.0,840
362,C10,C15,Pool,5.23,18.0,13.0,840
363,C10,C15,Black SUV,5.23,49.0,39.0,840
364,C10,C15,UberX,5.23,17.0,13.0,840
365,C10,C15,WAV,5.23,17.0,13.0,840
366,C10,C15,UberX Car Seat,5.23,29.0,23.0,840
367,C10,C15,Black SUV Car Seat,5.23,59.0,47.0,840
368,C10,C15,Black Car Seat,5.23,49.0,39.0,840
369,C10,F03,Black,7.05,45.0,36.0,1020
370,C10,F03,UberXL,7.05,31.0,25.0,1020
371,C10,F03,Pool,7.05,19.0,14.0,1020
372,C10,F03,Black SUV,7.05,57.0,45.0,1020
373,C10,F03,UberX,7.05,19.0,14.0,1020
374,C10,F03,WAV,7.05,19.0,14.0,1020
375,C10,F03,UberX Car Seat,7.05,29.0,23.0,1020
376,C10,F03,Black SUV Car Seat,7.05,67.0,54.0,1020
377,C10,F03,Black Car Seat,7.05,56.0,45.0,1020
378,C10,C05,Black,6.69,45.0,36.0,1020
379,C10,C05,UberXL,6.69,30.0,24.0,1020
380,C10,C05,Pool,6.69,20.0,15.0,1020
381,C10,C05,Black SUV,6.69,56.0,45.0,1020
382,C10,C05,UberX,6.69,20.0,15.0,1020
383,C10,C05,WAV,6.69,20.0,15.0,1020
384,C10,C05,UberX Car Seat,6.69,31.0,25.0,1020
385,C10,C05,Black SUV Car Seat,6.69,66.0,53.0,1020
386,C10,C05,Black Car Seat,6.69,55.0,44.0,1020
387,C10,C06,Black,3.08,27.0,22.0,420
388,C10,C06,UberXL,3.08,19.0,15.0,420
389,C10,C06,Pool,3.08,14.0,10.0,420
390,C10,C06,Black SUV,3.08,37.0,29.0,420
391,C10,C06,UberX,3.08,14.0,10.0,420
392,C10,C06,WAV,3.08,14.0,10.0,420
393,C10,C06,UberX Car Seat,3.08,25.0,20.0,420
394,C10,C06,Black SUV Car Seat,3.08,47.0,38.0,420
395,C10,C06,Black Car Seat,3.08,38.0,30.0,420
396,C10,J02,Black,4.89,34.0,27.0,600
397,C10,J02,UberXL,4.89,24.0,19.0,600
398,C10,J02,Pool,4.89,16.0,11.0,600
399,C10,J02,Black SUV,4.89,44.0,35.0,600
400,C10,J02,UberX,4.89,16.0,12.0,600
401,C10,J02,WAV,4.89,16.0,12.0,600
402,C10,J02,UberX Car Seat,4.89,27.0,22.0,600
403,C10,J02,Black SUV Car Seat,4.89,54.0,44.0,600
404,C10,J02,Black Car Seat,4.89,44.0,35.0,600
405,C10,C07,Black,3.06,27.0,21.0,420
406,C10,C07,UberXL,3.06,19.0,14.0,420
407,C10,C07,Pool,3.06,14.0,9.0,420
408,C10,C07,Black SUV,3.06,36.0,29.0,420
409,C10,C07,UberX,3.06,13.0,10.0,420
410,C10,C07,WAV,3.06,13.0,10.0,420
411,C10,C07,UberX Car Seat,3.06,25.0,19.0,420
412,C10,C07,Black SUV Car Seat,3.06,46.0,37.0,420
413,C10,C07,Black Car Seat,3.06,37.0,29.0,420
414,C10,C08,Black,10.64,54.0,43.0,960
415,C10,C08,UberXL,10.64,39.0,31.0,960
416,C10,C08,Pool,10.64,23.0,17.0,960
417,C10,C08,Black SUV,10.64,66.0,53.0,960
418,C10,C08,UberX,10.64,23.0,18.0,960
419,C10,C08,WAV,10.64,23.0,18.0,960
420,C10,C08,UberX Car Seat,10.64,35.0,27.0,960
421,C10,C08,Black SUV Car Seat,10.64,77.0,62.0,960
422,C10,C08,Black Car Seat,10.64,64.0,52.0,960
423,C10,C09,Black,14.02,66.0,53.0,1260
424,C10,C09,UberXL,14.02,48.0,38.0,1260
425,C10,C09,Pool,14.02,27.0,21.0,1260
426,C10,C09,Black SUV,14.02,80.0,64.0,1260
427,C10,C09,UberX,14.02,28.0,22.0,1260
428,C10,C09,WAV,14.02,28.0,22.0,1260
429,C10,C09,UberX Car Seat,14.02,39.0,31.0,1260
430,C10,C09,Black SUV Car Seat,14.02,90.0,73.0,1260
431,C10,C09,Black Car Seat,14.02,76.0,62.0,1260
432,C12,C12,Black,6.79,39.0,31.0,900
433,C12,C12,UberXL,6.79,25.0,20.0,900
434,C12,C12,Pool,6.79,14.0,10.0,900
435,C12,C12,UberX,6.79,14.0,10.0,900
436,C12,C12,Black SUV,6.79,50.0,40.0,900
437,C12,C12,WAV,6.79,14.0,10.0,900
438,C12,C12,UberX Car Seat,6.79,24.0,19.0,900
439,C12,C12,Black SUV Car Seat,6.79,60.0,48.0,900
440,C12,C12,Black Car Seat,6.79,49.0,39.0,900
441,C12,C13,Black,5.24,34.0,27.0,840
442,C12,C13,UberXL,5.24,22.0,17.0,840
443,C12,C13,Pool,5.24,14.0,9.0,840
444,C12,C13,UberX,5.24,13.0,10.0,840
445,C12,C13,Black SUV,5.24,45.0,36.0,840
446,C12,C13,WAV,5.24,13.0,10.0,840
447,C12,C13,UberX Car Seat,5.24,25.0,19.0,840
448,C12,C13,Black SUV Car Seat,5.24,55.0,44.0,840
449,C12,C13,Black Car Seat,5.24,45.0,36.0,840
450,C12,C14,Black,3.61,29.0,23.0,720
451,C12,C14,UberXL,3.61,18.0,14.0,720
452,C12,C14,Pool,3.61,12.0,8.0,720
453,C12,C14,UberX,3.61,11.0,8.0,720
454,C12,C14,Black SUV,3.61,39.0,31.0,720
455,C12,C14,WAV,3.61,11.0,8.0,720
456,C12,C14,UberX Car Seat,3.61,23.0,18.0,720
457,C12,C14,Black SUV Car Seat,3.61,49.0,39.0,720
458,C12,C14,Black Car Seat,3.61,39.0,31.0,720
459,C12,C15,Black,4.6,35.0,27.0,660
460,C12,C15,UberXL,4.6,24.0,19.0,660
461,C12,C15,Pool,4.6,16.0,12.0,660
462,C12,C15,UberX,4.6,16.0,12.0,660
463,C12,C15,Black SUV,4.6,45.0,36.0,660
464,C12,C15,WAV,4.6,16.0,12.0,660
465,C12,C15,UberX Car Seat,4.6,28.0,22.0,660
466,C12,C15,Black SUV Car Seat,4.6,55.0,44.0,660
467,C12,C15,Black Car Seat,4.6,45.0,36.0,660
468,C12,F03,Black,0.99,18.0,14.0,360
469,C12,F03,UberXL,0.99,10.0,7.0,360
470,C12,F03,Pool,0.99,9.0,6.0,360
471,C12,F03,UberX,0.99,9.0,6.0,360
472,C12,F03,Black SUV,0.99,29.0,23.0,360
473,C12,F03,WAV,0.99,9.0,6.0,360
474,C12,F03,UberX Car Seat,0.99,20.0,15.0,360
475,C12,F03,Black SUV Car Seat,0.99,39.0,31.0,360
476,C12,F03,Black Car Seat,0.99,28.0,22.0,360
477,C12,C05,Black,2.0,22.0,17.0,540
478,C12,C05,UberXL,2.0,13.0,10.0,540
479,C12,C05,Pool,2.0,10.0,6.0,540
480,C12,C05,UberX,2.0,9.0,7.0,540
481,C12,C05,Black SUV,2.0,31.0,24.0,540
482,C12,C05,WAV,2.0,9.0,7.0,540
483,C12,C05,UberX Car Seat,2.0,22.0,17.0,540
484,C12,C05,Black SUV Car Seat,2.0,41.0,33.0,540
485,C12,C05,Black Car Seat,2.0,32.0,25.0,540
486,C12,C06,Black,2.99,25.0,20.0,600
487,C12,C06,UberXL,2.99,15.0,12.0,600
488,C12,C06,Pool,2.99,10.0,7.0,600
489,C12,C06,UberX,2.99,10.0,7.0,600
490,C12,C06,Black SUV,2.99,35.0,28.0,600
491,C12,C06,WAV,2.99,10.0,7.0,600
492,C12,C06,UberX Car Seat,2.99,22.0,17.0,600
493,C12,C06,Black SUV Car Seat,2.99,45.0,36.0,600
494,C12,C06,Black Car Seat,2.99,36.0,28.0,600
495,C12,J02,Black,6.58,37.0,30.0,840
496,C12,J02,UberXL,6.58,25.0,19.0,840
497,C12,J02,Pool,6.58,15.0,10.0,840
498,C12,J02,UberX,6.58,14.0,11.0,840
499,C12,J02,Black SUV,6.58,48.0,39.0,840
500,C12,J02,WAV,6.58,14.0,11.0,840
501,C12,J02,UberX Car Seat,6.58,26.0,20.0,840
502,C12,J02,Black SUV Car Seat,6.58,59.0,47.0,840
503,C12,J02,Black Car Seat,6.58,48.0,38.0,840
504,C12,C07,Black,8.39,44.0,35.0,1020
505,C12,C07,UberXL,8.39,30.0,23.0,1020
506,C12,C07,Pool,8.39,18.0,13.0,1020
507,C12,C07,UberX,8.39,18.0,14.0,1020
508,C12,C07,Black SUV,8.39,56.0,45.0,1020
509,C12,C07,WAV,8.39,18.0,14.0,1020
510,C12,C07,UberX Car Seat,8.39,31.0,25.0,1020
511,C12,C07,Black SUV Car Seat,8.39,66.0,53.0,1020
512,C12,C07,Black Car Seat,8.39,55.0,44.0,1020
513,C12,C08,Black,6.56,37.0,29.0,780
514,C12,C08,UberXL,6.56,24.0,19.0,780
515,C12,C08,Pool,6.56,14.0,10.0,780
516,C12,C08,UberX,6.56,14.0,11.0,780
517,C12,C08,Black SUV,6.56,47.0,38.0,780
518,C12,C08,WAV,6.56,14.0,11.0,780
519,C12,C08,UberX Car Seat,6.56,26.0,20.0,780
520,C12,C08,Black SUV Car Seat,6.56,58.0,46.0,780
521,C12,C08,Black Car Seat,6.56,47.0,38.0,780
522,C12,C09,Black,5.86,34.0,27.0,720
523,C12,C09,UberXL,5.86,22.0,17.0,720
524,C12,C09,Pool,5.86,13.0,9.0,720
525,C12,C09,UberX,5.86,13.0,10.0,720
526,C12,C09,Black SUV,5.86,44.0,35.0,720
527,C12,C09,WAV,5.86,13.0,10.0,720
528,C12,C09,UberX Car Seat,5.86,25.0,19.0,720
529,C12,C09,Black SUV Car Seat,5.86,55.0,44.0,720
530,C12,C09,Black Car Seat,5.86,44.0,35.0,720
531,C12,C10,Black,10.98,53.0,42.0,1140
532,C12,C10,UberXL,10.98,36.0,29.0,1140
533,C12,C10,Pool,10.98,20.0,15.0,1140
534,C12,C10,UberX,10.98,20.0,15.0,1140
535,C12,C10,Black SUV,10.98,65.0,53.0,1140
536,C12,C10,WAV,10.98,20.0,15.0,1140
537,C12,C10,UberX Car Seat,10.98,31.0,25.0,1140
538,C12,C10,Black SUV Car Seat,10.98,76.0,61.0,1140
539,C12,C10,Black Car Seat,10.98,63.0,51.0,1140
540,C13,C13,Black,6.4,39.0,31.0,960
541,C13,C13,UberXL,6.4,25.0,20.0,960
542,C13,C13,Pool,6.4,15.0,11.0,960
543,C13,C13,UberX,6.4,15.0,11.0,960
544,C13,C13,Black SUV,6.4,50.0,40.0,960
545,C13,C13,WAV,6.4,15.0,11.0,960
546,C13,C13,UberX Car Seat,6.4,26.0,21.0,960
547,C13,C13,Black SUV Car Seat,6.4,60.0,48.0,960
548,C13,C13,Black Car Seat,6.4,49.0,39.0,960
549,C13,C14,Black,6.0,36.0,29.0,840
550,C13,C14,UberXL,6.0,24.0,18.0,840
551,C13,C14,Pool,6.0,14.0,10.0,840
552,C13,C14,UberX,6.0,14.0,11.0,840
553,C13,C14,Black SUV,6.0,47.0,38.0,840
554,C13,C14,WAV,6.0,14.0,11.0,840
555,C13,C14,UberX Car Seat,6.0,26.0,20.0,840
556,C13,C14,Black SUV Car Seat,6.0,57.0,46.0,840
557,C13,C14,Black Car Seat,6.0,47.0,37.0,840
558,C13,C15,Black,4.78,36.0,28.0,1020
559,C13,C15,UberXL,4.78,22.0,17.0,1020
560,C13,C15,Pool,4.78,14.0,10.0,1020
561,C13,C15,UberX,4.78,14.0,10.0,1020
562,C13,C15,Black SUV,4.78,46.0,37.0,1020
563,C13,C15,WAV,4.78,14.0,10.0,1020
564,C13,C15,UberX Car Seat,4.78,25.0,20.0,1020
565,C13,C15,Black SUV Car Seat,4.78,56.0,45.0,1020
566,C13,C15,Black Car Seat,4.78,46.0,37.0,1020
567,C13,F03,Black,5.59,40.0,32.0,900
568,C13,F03,UberXL,5.59,27.0,21.0,900
569,C13,F03,Pool,5.59,18.0,13.0,900
570,C13,F03,UberX,5.59,18.0,14.0,900
571,C13,F03,Black SUV,5.59,51.0,41.0,900
572,C13,F03,WAV,5.59,18.0,14.0,900
573,C13,F03,UberX Car Seat,5.59,30.0,23.0,900
574,C13,F03,Black SUV Car Seat,5.59,61.0,49.0,900
575,C13,F03,Black Car Seat,5.59,51.0,41.0,900
576,C13,C05,Black,1.23,18.0,14.0,420
577,C13,C05,UberXL,1.23,10.0,8.0,420
578,C13,C05,Pool,1.23,9.0,5.0,420
579,C13,C05,UberX,1.23,8.0,6.0,420
580,C13,C05,Black SUV,1.23,29.0,23.0,420
581,C13,C05,WAV,1.23,8.0,6.0,420
582,C13,C05,UberX Car Seat,1.23,19.0,15.0,420
583,C13,C05,Black SUV Car Seat,1.23,39.0,31.0,420
584,C13,C05,Black Car Seat,1.23,28.0,22.0,420
585,C13,C06,Black,1.67,19.0,15.0,420
586,C13,C06,UberXL,1.67,11.0,8.0,420
587,C13,C06,Pool,1.67,9.0,5.0,420
588,C13,C06,UberX,1.67,8.0,6.0,420
589,C13,C06,Black SUV,1.67,29.0,23.0,420
590,C13,C06,WAV,1.67,8.0,6.0,420
591,C13,C06,UberX Car Seat,1.67,19.0,15.0,420
592,C13,C06,Black SUV Car Seat,1.67,39.0,31.0,420
593,C13,C06,Black Car Seat,1.67,30.0,23.0,420
594,C13,J02,Black,2.29,22.0,17.0,480
595,C13,J02,UberXL,2.29,13.0,10.0,480
596,C13,J02,Pool,2.29,9.0,6.0,480
597,C13,J02,UberX,2.29,9.0,6.0,480
598,C13,J02,Black SUV,2.29,31.0,24.0,480
599,C13,J02,WAV,2.29,9.0,6.0,480
600,C13,J02,UberX Car Seat,2.29,20.0,16.0,480
601,C13,J02,Black SUV Car Seat,2.29,41.0,33.0,480
602,C13,J02,Black Car Seat,2.29,32.0,25.0,480
603,C13,C07,Black,8.45,46.0,36.0,1080
604,C13,C07,UberXL,8.45,30.0,24.0,1080
605,C13,C07,Pool,8.45,17.0,13.0,1080
606,C13,C07,UberX,8.45,17.0,13.0,1080
607,C13,C07,Black SUV,8.45,57.0,46.0,1080
608,C13,C07,WAV,8.45,17.0,13.0,1080
609,C13,C07,UberX Car Seat,8.45,29.0,23.0,1080
610,C13,C07,Black SUV Car Seat,8.45,68.0,54.0,1080
611,C13,C07,Black Car Seat,8.45,56.0,45.0,1080
612,C13,C08,Black,8.32,46.0,37.0,1080
613,C13,C08,UberXL,8.32,30.0,24.0,1080
614,C13,C08,Pool,8.32,18.0,13.0,1080
615,C13,C08,UberX,8.32,17.0,13.0,1080
616,C13,C08,Black SUV,8.32,58.0,46.0,1080
617,C13,C08,WAV,8.32,17.0,13.0,1080
618,C13,C08,UberX Car Seat,8.32,29.0,23.0,1080
619,C13,C08,Black SUV Car Seat,8.32,68.0,55.0,1080
620,C13,C08,Black Car Seat,8.32,56.0,45.0,1080
621,C13,C09,Black,7.19,40.0,32.0,900
622,C13,C09,UberXL,7.19,27.0,21.0,900
623,C13,C09,Pool,7.19,16.0,11.0,900
624,C13,C09,UberX,7.19,15.0,12.0,900
625,C13,C09,Black SUV,7.19,52.0,41.0,900
626,C13,C09,WAV,7.19,15.0,12.0,900
627,C13,C09,UberX Car Seat,7.19,27.0,21.0,900
628,C13,C09,Black SUV Car Seat,7.19,62.0,50.0,900
629,C13,C09,Black Car Seat,7.19,51.0,41.0,900
630,C13,C10,Black,4.2,28.0,22.0,600
631,C13,C10,UberXL,4.2,18.0,14.0,600
632,C13,C10,Pool,4.2,11.0,7.0,600
633,C13,C10,UberX,4.2,10.0,7.0,600
634,C13,C10,Black SUV,4.2,38.0,30.0,600
635,C13,C10,WAV,4.2,10.0,7.0,600
636,C13,C10,UberX Car Seat,4.2,20.0,16.0,600
637,C13,C10,Black SUV Car Seat,4.2,48.0,38.0,600
638,C13,C10,Black Car Seat,4.2,38.0,30.0,600
639,C13,C12,Black,9.32,47.0,37.0,1020
640,C13,C12,UberXL,9.32,32.0,25.0,1020
641,C13,C12,Pool,9.32,18.0,13.0,1020
642,C13,C12,UberX,9.32,18.0,14.0,1020
643,C13,C12,Black SUV,9.32,59.0,47.0,1020
644,C13,C12,WAV,9.32,18.0,14.0,1020
645,C13,C12,UberX Car Seat,9.32,29.0,23.0,1020
646,C13,C12,Black SUV Car Seat,9.32,69.0,56.0,1020
647,C13,C12,Black Car Seat,9.32,57.0,46.0,1020
648,C14,C14,Black,7.23,42.0,34.0,1080
649,C14,C14,UberXL,7.23,27.0,22.0,1080
650,C14,C14,Pool,7.23,16.0,12.0,1080
651,C14,C14,UberX,7.23,16.0,12.0,1080
652,C14,C14,Black SUV,7.23,54.0,43.0,1080
653,C14,C14,WAV,7.23,16.0,12.0,1080
654,C14,C14,UberX Car Seat,7.23,28.0,22.0,1080
655,C14,C14,Black SUV Car Seat,7.23,64.0,51.0,1080
656,C14,C14,Black Car Seat,7.23,53.0,42.0,1080
657,C14,C15,Black,6.83,40.0,32.0,960
658,C14,C15,UberXL,6.83,26.0,20.0,960
659,C14,C15,Pool,6.83,16.0,11.0,960
660,C14,C15,UberX,6.83,15.0,12.0,960
661,C14,C15,Black SUV,6.83,51.0,41.0,960
662,C14,C15,WAV,6.83,15.0,12.0,960
663,C14,C15,UberX Car Seat,6.83,27.0,21.0,960
664,C14,C15,Black SUV Car Seat,6.83,62.0,49.0,960
665,C14,C15,Black Car Seat,6.83,51.0,40.0,960
666,C14,F03,Black,5.54,38.0,30.0,1080
667,C14,F03,UberXL,5.54,24.0,19.0,1080
668,C14,F03,Pool,5.54,15.0,11.0,1080
669,C14,F03,UberX,5.54,15.0,11.0,1080
670,C14,F03,Black SUV,5.54,49.0,39.0,1080
671,C14,F03,WAV,5.54,15.0,11.0,1080
672,C14,F03,UberX Car Seat,5.54,26.0,21.0,1080
673,C14,F03,Black SUV Car Seat,5.54,59.0,48.0,1080
674,C14,F03,Black Car Seat,5.54,49.0,39.0,1080
675,C14,C05,Black,6.35,43.0,34.0,960
676,C14,C05,UberXL,6.35,29.0,23.0,960
677,C14,C05,Pool,6.35,19.0,14.0,960
678,C14,C05,UberX,6.35,19.0,15.0,960
679,C14,C05,Black SUV,6.35,54.0,43.0,960
680,C14,C05,WAV,6.35,19.0,15.0,960
681,C14,C05,UberX Car Seat,6.35,31.0,24.0,960
682,C14,C05,Black SUV Car Seat,6.35,64.0,52.0,960
683,C14,C05,Black Car Seat,6.35,53.0,43.0,960
684,C14,C06,Black,1.96,21.0,17.0,480
685,C14,C06,UberXL,1.96,13.0,9.0,480
686,C14,C06,Pool,1.96,9.0,6.0,480
687,C14,C06,UberX,1.96,9.0,6.0,480
688,C14,C06,Black SUV,1.96,30.0,24.0,480
689,C14,C06,WAV,1.96,9.0,6.0,480
690,C14,C06,UberX Car Seat,1.96,20.0,16.0,480
691,C14,C06,Black SUV Car Seat,1.96,41.0,32.0,480
692,C14,C06,Black Car Seat,1.96,32.0,25.0,480
693,C14,J02,Black,1.25,18.0,14.0,300
694,C14,J02,UberXL,1.25,10.0,7.0,300
695,C14,J02,Pool,1.25,9.0,5.0,300
696,C14,J02,UberX,1.25,8.0,6.0,300
697,C14,J02,Black SUV,1.25,29.0,23.0,300
698,C14,J02,WAV,1.25,8.0,6.0,300
699,C14,J02,UberX Car Seat,1.25,18.0,14.0,300
700,C14,J02,Black SUV Car Seat,1.25,39.0,31.0,300
701,C14,J02,Black Car Seat,1.25,28.0,22.0,300
702,C14,C07,Black,2.21,20.0,16.0,420
703,C14,C07,UberXL,2.21,13.0,9.0,420
704,C14,C07,Pool,2.21,9.0,5.0,420
705,C14,C07,UberX,2.21,8.0,6.0,420
706,C14,C07,Black SUV,2.21,29.0,23.0,420
707,C14,C07,WAV,2.21,8.0,6.0,420
708,C14,C07,UberX Car Seat,2.21,20.0,15.0,420
709,C14,C07,Black SUV Car Seat,2.21,40.0,32.0,420
710,C14,C07,Black Car Seat,2.21,31.0,24.0,420
711,C14,C08,Black,8.34,46.0,37.0,1140
712,C14,C08,UberXL,8.34,30.0,24.0,1140
713,C14,C08,Pool,8.34,18.0,13.0,1140
714,C14,C08,UberX,8.34,18.0,13.0,1140
715,C14,C08,Black SUV,8.34,58.0,47.0,1140
716,C14,C08,WAV,8.34,18.0,13.0,1140
717,C14,C08,UberX Car Seat,8.34,29.0,23.0,1140
718,C14,C08,Black SUV Car Seat,8.34,68.0,55.0,1140
719,C14,C08,Black Car Seat,8.34,57.0,45.0,1140
720,C14,C09,Black,9.15,49.0,39.0,1200
721,C14,C09,UberXL,9.15,33.0,26.0,1200
722,C14,C09,Pool,9.15,19.0,14.0,1200
723,C14,C09,UberX,9.15,19.0,14.0,1200
724,C14,C09,Black SUV,9.15,61.0,49.0,1200
725,C14,C09,WAV,9.15,19.0,14.0,1200
726,C14,C09,UberX Car Seat,9.15,30.0,24.0,1200
727,C14,C09,Black SUV Car Seat,9.15,72.0,58.0,1200
728,C14,C09,Black Car Seat,9.15,60.0,48.0,1200
729,C14,C10,Black,8.02,44.0,35.0,1020
730,C14,C10,UberXL,8.02,29.0,23.0,1020
731,C14,C10,Pool,8.02,17.0,12.0,1020
732,C14,C10,UberX,8.02,17.0,13.0,1020
733,C14,C10,Black SUV,8.02,55.0,44.0,1020
734,C14,C10,WAV,8.02,17.0,13.0,1020
735,C14,C10,UberX Car Seat,8.02,28.0,22.0,1020
736,C14,C10,Black SUV Car Seat,8.02,66.0,53.0,1020
737,C14,C10,Black Car Seat,8.02,54.0,44.0,1020
738,C14,C12,Black,3.42,25.0,20.0,480
739,C14,C12,UberXL,3.42,16.0,12.0,480
740,C14,C12,Pool,3.42,10.0,7.0,480
741,C14,C12,UberX,3.42,10.0,7.0,480
742,C14,C12,Black SUV,3.42,35.0,27.0,480
743,C14,C12,WAV,3.42,10.0,7.0,480
744,C14,C12,UberX Car Seat,3.42,21.0,17.0,480
745,C14,C12,Black SUV Car Seat,3.42,45.0,36.0,480
746,C14,C12,Black Car Seat,3.42,35.0,28.0,480
747,C14,C13,Black,9.24,46.0,37.0,1020
748,C14,C13,UberXL,9.24,31.0,25.0,1020
749,C14,C13,Pool,9.24,19.0,14.0,1020
750,C14,C13,UberX,9.24,19.0,15.0,1020
751,C14,C13,Black SUV,9.24,58.0,47.0,1020
752,C14,C13,WAV,9.24,19.0,15.0,1020
753,C14,C13,UberX Car Seat,9.24,32.0,25.0,1020
754,C14,C13,Black SUV Car Seat,9.24,69.0,55.0,1020
755,C14,C13,Black Car Seat,9.24,57.0,46.0,1020
756,C15,C15,Black,7.79,46.0,36.0,1200
757,C15,C15,UberXL,7.79,29.0,23.0,1200
758,C15,C15,Pool,7.79,17.0,13.0,1200
759,C15,C15,UberX,7.79,17.0,13.0,1200
760,C15,C15,Black SUV,7.79,57.0,46.0,1200
761,C15,C15,WAV,7.79,17.0,13.0,1200
762,C15,C15,UberX Car Seat,7.79,29.0,23.0,1200
763,C15,C15,Black SUV Car Seat,7.79,67.0,54.0,1200
764,C15,C15,Black Car Seat,7.79,56.0,45.0,1200
765,C15,F03,Black,7.38,43.0,34.0,1080
766,C15,F03,UberXL,7.38,28.0,22.0,1080
767,C15,F03,Pool,7.38,17.0,12.0,1080
768,C15,F03,UberX,7.38,16.0,13.0,1080
769,C15,F03,Black SUV,7.38,55.0,44.0,1080
770,C15,F03,WAV,7.38,16.0,13.0,1080
771,C15,F03,UberX Car Seat,7.38,28.0,22.0,1080
772,C15,F03,Black SUV Car Seat,7.38,65.0,52.0,1080
773,C15,F03,Black Car Seat,7.38,54.0,43.0,1080
774,C15,C05,Black,6.13,40.0,32.0,1080
775,C15,C05,UberXL,6.13,25.0,20.0,1080
776,C15,C05,Pool,6.13,16.0,11.0,1080
777,C15,C05,UberX,6.13,16.0,12.0,1080
778,C15,C05,Black SUV,6.13,51.0,41.0,1080
779,C15,C05,WAV,6.13,16.0,12.0,1080
780,C15,C05,UberX Car Seat,6.13,27.0,21.0,1080
781,C15,C05,Black SUV Car Seat,6.13,62.0,50.0,1080
782,C15,C05,Black Car Seat,6.13,51.0,41.0,1080
783,C15,C06,Black,6.95,46.0,36.0,1020
784,C15,C06,UberXL,6.95,31.0,25.0,1020
785,C15,C06,Pool,6.95,20.0,15.0,1020
786,C15,C06,UberX,6.95,20.0,16.0,1020
787,C15,C06,Black SUV,6.95,57.0,46.0,1020
788,C15,C06,WAV,6.95,20.0,16.0,1020
789,C15,C06,UberX Car Seat,6.95,32.0,25.0,1020
790,C15,C06,Black SUV Car Seat,6.95,67.0,54.0,1020
791,C15,C06,Black Car Seat,6.95,56.0,45.0,1020
792,C15,J02,Black,3.35,27.0,21.0,660
793,C15,J02,UberXL,3.35,16.0,13.0,660
794,C15,J02,Pool,3.35,10.0,7.0,660
795,C15,J02,UberX,3.35,10.0,7.0,660
796,C15,J02,Black SUV,3.35,36.0,29.0,660
797,C15,J02,WAV,3.35,10.0,7.0,660
798,C15,J02,UberX Car Seat,3.35,20.0,16.0,660
799,C15,J02,Black SUV Car Seat,3.35,47.0,37.0,660
800,C15,J02,Black Car Seat,3.35,37.0,29.0,660
801,C15,C07,Black,2.15,22.0,17.0,480
802,C15,C07,UberXL,2.15,13.0,10.0,480
803,C15,C07,Pool,2.15,9.0,6.0,480
804,C15,C07,UberX,2.15,9.0,6.0,480
805,C15,C07,Black SUV,2.15,31.0,24.0,480
806,C15,C07,WAV,2.15,9.0,6.0,480
807,C15,C07,UberX Car Seat,2.15,20.0,16.0,480
808,C15,C07,Black SUV Car Seat,2.15,41.0,33.0,480
809,C15,C07,Black Car Seat,2.15,32.0,25.0,480
810,C15,C08,Black,1.35,18.0,14.0,360
811,C15,C08,UberXL,1.35,11.0,8.0,360
812,C15,C08,Pool,1.35,9.0,6.0,360
813,C15,C08,UberX,1.35,9.0,6.0,360
814,C15,C08,Black SUV,1.35,29.0,23.0,360
815,C15,C08,WAV,1.35,9.0,6.0,360
816,C15,C08,UberX Car Seat,1.35,20.0,16.0,360
817,C15,C08,Black SUV Car Seat,1.35,39.0,31.0,360
818,C15,C08,Black Car Seat,1.35,28.0,22.0,360
819,C15,C09,Black,12.16,56.0,45.0,1140
820,C15,C09,UberXL,12.16,39.0,31.0,1140
821,C15,C09,Pool,12.16,21.0,16.0,1140
822,C15,C09,UberX,12.16,21.0,16.0,1140
823,C15,C09,Black SUV,12.16,69.0,56.0,1140
824,C15,C09,WAV,12.16,21.0,16.0,1140
825,C15,C09,UberX Car Seat,12.16,33.0,26.0,1140
826,C15,C09,Black SUV Car Seat,12.16,79.0,64.0,1140
827,C15,C09,Black Car Seat,12.16,67.0,54.0,1140
828,C15,C10,Black,9.7,52.0,42.0,1320
829,C15,C10,UberXL,9.7,34.0,27.0,1320
830,C15,C10,Pool,9.7,21.0,16.0,1320
831,C15,C10,UberX,9.7,21.0,17.0,1320
832,C15,C10,Black SUV,9.7,65.0,52.0,1320
833,C15,C10,WAV,9.7,21.0,17.0,1320
834,C15,C10,UberX Car Seat,9.7,34.0,27.0,1320
835,C15,C10,Black SUV Car Seat,9.7,75.0,60.0,1320
836,C15,C10,Black Car Seat,9.7,63.0,50.0,1320
837,C15,C12,Black,8.57,47.0,38.0,1140
838,C15,C12,UberXL,8.57,31.0,24.0,1140
839,C15,C12,Pool,8.57,18.0,13.0,1140
840,C15,C12,UberX,8.57,18.0,14.0,1140
841,C15,C12,Black SUV,8.57,59.0,47.0,1140
842,C15,C12,WAV,8.57,18.0,14.0,1140
843,C15,C12,UberX Car Seat,8.57,29.0,23.0,1140
844,C15,C12,Black SUV Car Seat,8.57,69.0,56.0,1140
845,C15,C12,Black Car Seat,8.57,58.0,46.0,1140
846,C15,C13,Black,4.06,28.0,22.0,600
847,C15,C13,UberXL,4.06,18.0,14.0,600
848,C15,C13,Pool,4.06,11.0,8.0,600
849,C15,C13,UberX,4.06,11.0,8.0,600
850,C15,C13,Black SUV,4.06,38.0,30.0,600
851,C15,C13,WAV,4.06,11.0,8.0,600
852,C15,C13,UberX Car Seat,4.06,22.0,18.0,600
853,C15,C13,Black SUV Car Seat,4.06,48.0,38.0,600
854,C15,C13,Black Car Seat,4.06,38.0,30.0,600
855,C15,C14,Black,9.18,47.0,37.0,1020
856,C15,C14,UberXL,9.18,32.0,25.0,1020
857,C15,C14,Pool,9.18,18.0,13.0,1020
858,C15,C14,UberX,9.18,18.0,14.0,1020
859,C15,C14,Black SUV,9.18,59.0,47.0,1020
860,C15,C14,WAV,9.18,18.0,14.0,1020
861,C15,C14,UberX Car Seat,9.18,29.0,23.0,1020
862,C15,C14,Black SUV Car Seat,9.18,69.0,56.0,1020
863,C15,C14,Black Car Seat,9.18,57.0,46.0,1020
864,F03,F03,Black,3.37,27.0,21.0,540
865,F03,F03,UberXL,3.37,17.0,13.0,540
866,F03,F03,Pool,3.37,11.0,7.0,540
867,F03,F03,Black SUV,3.37,37.0,29.0,540
868,F03,F03,UberX,3.37,11.0,8.0,540
869,F03,F03,WAV,3.37,11.0,8.0,540
870,F03,F03,UberX Car Seat,3.37,23.0,18.0,540
871,F03,F03,Black SUV Car Seat,3.37,48.0,38.0,540
872,F03,F03,Black Car Seat,3.37,38.0,30.0,540
873,F03,C05,Black,3.34,26.0,21.0,540
874,F03,C05,UberXL,3.34,17.0,13.0,540
875,F03,C05,Pool,3.34,11.0,7.0,540
876,F03,C05,Black SUV,3.34,36.0,29.0,540
877,F03,C05,UberX,3.34,10.0,8.0,540
878,F03,C05,WAV,3.34,10.0,8.0,540
879,F03,C05,UberX Car Seat,3.34,23.0,18.0,540
880,F03,C05,Black SUV Car Seat,3.34,47.0,38.0,540
881,F03,C05,Black Car Seat,3.34,37.0,30.0,540
882,F03,C06,Black,3.29,26.0,21.0,540
883,F03,C06,UberXL,3.29,17.0,13.0,540
884,F03,C06,Pool,3.29,11.0,7.0,540
885,F03,C06,Black SUV,3.29,36.0,29.0,540
886,F03,C06,UberX,3.29,10.0,8.0,540
887,F03,C06,WAV,3.29,10.0,8.0,540
888,F03,C06,UberX Car Seat,3.29,23.0,18.0,540
889,F03,C06,Black SUV Car Seat,3.29,47.0,38.0,540
890,F03,C06,Black Car Seat,3.29,37.0,30.0,540
891,F03,J02,Black,4.36,34.0,27.0,600
892,F03,J02,UberXL,4.36,24.0,19.0,600
893,F03,J02,Pool,4.36,16.0,12.0,600
894,F03,J02,Black SUV,4.36,45.0,36.0,600
895,F03,J02,UberX,4.36,16.0,12.0,600
896,F03,J02,WAV,4.36,16.0,12.0,600
897,F03,J02,UberX Car Seat,4.36,28.0,22.0,600
898,F03,J02,Black SUV Car Seat,4.36,56.0,45.0,600
899,F03,J02,Black Car Seat,4.36,45.0,36.0,600
900,F03,C07,Black,6.86,40.0,32.0,780
901,F03,C07,UberXL,6.86,27.0,21.0,780
902,F03,C07,Pool,6.86,16.0,11.0,780
903,F03,C07,Black SUV,6.86,52.0,41.0,780
904,F03,C07,UberX,6.86,15.0,12.0,780
905,F03,C07,WAV,6.86,15.0,12.0,780
906,F03,C07,UberX Car Seat,6.86,28.0,22.0,780
907,F03,C07,Black SUV Car Seat,6.86,63.0,50.0,780
908,F03,C07,Black Car Seat,6.86,51.0,41.0,780
909,F03,C08,Black,8.02,46.0,37.0,1020
910,F03,C08,UberXL,8.02,31.0,24.0,1020
911,F03,C08,Pool,8.02,18.0,13.0,1020
912,F03,C08,Black SUV,8.02,59.0,47.0,1020
913,F03,C08,UberX,8.02,18.0,14.0,1020
914,F03,C08,WAV,8.02,18.0,14.0,1020
915,F03,C08,UberX Car Seat,8.02,30.0,24.0,1020
916,F03,C08,Black SUV Car Seat,8.02,70.0,56.0,1020
917,F03,C08,Black Car Seat,8.02,57.0,46.0,1020
918,F03,C09,Black,12.14,58.0,47.0,1080
919,F03,C09,UberXL,12.14,41.0,32.0,1080
920,F03,C09,Pool,12.14,22.0,16.0,1080
921,F03,C09,Black SUV,12.14,72.0,58.0,1080
922,F03,C09,UberX,12.14,22.0,17.0,1080
923,F03,C09,WAV,12.14,22.0,17.0,1080
924,F03,C09,UberX Car Seat,12.14,34.0,27.0,1080
925,F03,C09,Black SUV Car Seat,12.14,83.0,67.0,1080
926,F03,C09,Black Car Seat,12.14,69.0,56.0,1080
927,F03,C10,Black,11.96,58.0,47.0,1140
928,F03,C10,UberXL,11.96,41.0,32.0,1140
929,F03,C10,Pool,11.96,22.0,16.0,1140
930,F03,C10,Black SUV,11.96,72.0,58.0,1140
931,F03,C10,UberX,11.96,22.0,17.0,1140
932,F03,C10,WAV,11.96,22.0,17.0,1140
933,F03,C10,UberX Car Seat,11.96,34.0,27.0,1140
934,F03,C10,Black SUV Car Seat,11.96,83.0,67.0,1140
935,F03,C10,Black Car Seat,11.96,70.0,56.0,1140
936,F03,C12,Black,4.97,32.0,26.0,600
937,F03,C12,UberXL,4.97,21.0,16.0,600
938,F03,C12,Pool,4.97,13.0,9.0,600
939,F03,C12,Black SUV,4.97,43.0,34.0,600
940,F03,C12,UberX,4.97,13.0,9.0,600
941,F03,C12,WAV,4.97,13.0,9.0,600
942,F03,C12,UberX Car Seat,4.97,25.0,19.0,600
943,F03,C12,Black SUV Car Seat,4.97,54.0,43.0,600
944,F03,C12,Black Car Seat,4.97,43.0,35.0,600
945,F03,C13,Black,3.23,25.0,20.0,480
946,F03,C13,UberXL,3.23,16.0,12.0,480
947,F03,C13,Pool,3.23,10.0,7.0,480
948,F03,C13,Black SUV,3.23,35.0,28.0,480
949,F03,C13,UberX,3.23,10.0,7.0,480
950,F03,C13,WAV,3.23,10.0,7.0,480
951,F03,C13,UberX Car Seat,3.23,22.0,17.0,480
952,F03,C13,Black SUV Car Seat,3.23,46.0,37.0,480
953,F03,C13,Black Car Seat,3.23,36.0,29.0,480
954,F03,C14,Black,10.71,53.0,43.0,1020
955,F03,C14,UberXL,10.71,37.0,29.0,1020
956,F03,C14,Pool,10.71,20.0,15.0,1020
957,F03,C14,Black SUV,10.71,66.0,53.0,1020
958,F03,C14,UberX,10.71,20.0,16.0,1020
959,F03,C14,WAV,10.71,20.0,16.0,1020
960,F03,C14,UberX Car Seat,10.71,32.0,26.0,1020
961,F03,C14,Black SUV Car Seat,10.71,77.0,62.0,1020
962,F03,C14,Black Car Seat,10.71,64.0,52.0,1020
963,F03,C15,Black,14.1,66.0,53.0,1320
964,F03,C15,UberXL,14.1,46.0,37.0,1320
965,F03,C15,Pool,14.1,27.0,20.0,1320
966,F03,C15,Black SUV,14.1,81.0,65.0,1320
967,F03,C15,UberX,14.1,27.0,21.0,1320
968,F03,C15,WAV,14.1,27.0,21.0,1320
969,F03,C15,UberX Car Seat,14.1,40.0,32.0,1320
970,F03,C15,Black SUV Car Seat,14.1,92.0,74.0,1320
971,F03,C15,Black Car Seat,14.1,77.0,62.0,1320
972,C05,C05,Black,3.23,25.0,20.0,540
973,C05,C05,UberXL,3.23,16.0,12.0,540
974,C05,C05,Pool,3.23,10.0,7.0,540
975,C05,C05,UberX,3.23,10.0,7.0,540
976,C05,C05,Black SUV,3.23,35.0,28.0,540
977,C05,C05,WAV,3.23,10.0,7.0,540
978,C05,C05,UberX Car Seat,3.23,21.0,17.0,540
979,C05,C05,Black SUV Car Seat,3.23,45.0,36.0,540
980,C05,C05,Black Car Seat,3.23,36.0,28.0,540
981,C05,C06,Black,3.2,25.0,19.0,540
982,C05,C06,UberXL,3.2,15.0,12.0,540
983,C05,C06,Pool,3.2,10.0,7.0,540
984,C05,C06,UberX,3.2,10.0,7.0,540
985,C05,C06,Black SUV,3.2,34.0,27.0,540
986,C05,C06,WAV,3.2,10.0,7.0,540
987,C05,C06,UberX Car Seat,3.2,21.0,16.0,540
988,C05,C06,Black SUV Car Seat,3.2,44.0,35.0,540
989,C05,C06,Black Car Seat,3.2,35.0,28.0,540
990,C05,J02,Black,3.39,25.0,20.0,540
991,C05,J02,UberXL,3.39,16.0,12.0,540
992,C05,J02,Pool,3.39,11.0,7.0,540
993,C05,J02,UberX,3.39,10.0,7.0,540
994,C05,J02,Black SUV,3.39,35.0,28.0,540
995,C05,J02,WAV,3.39,10.0,7.0,540
996,C05,J02,UberX Car Seat,3.39,22.0,17.0,540
997,C05,J02,Black SUV Car Seat,3.39,45.0,36.0,540
998,C05,J02,Black Car Seat,3.39,36.0,28.0,540
999,C05,C07,Black,4.81,34.0,27.0,600
1000,C05,C07,UberXL,4.81,24.0,19.0,600
1001,C05,C07,Pool,4.81,17.0,12.0,600
1002,C05,C07,UberX,4.81,17.0,13.0,600
1003,C05,C07,Black SUV,4.81,45.0,36.0,600
1004,C05,C07,WAV,4.81,17.0,13.0,600
1005,C05,C07,UberX Car Seat,4.81,30.0,23.0,600
1006,C05,C07,Black SUV Car Seat,4.81,55.0,44.0,600
1007,C05,C07,Black Car Seat,4.81,45.0,36.0,600
1008,C05,C08,Black,7.32,40.0,32.0,900
1009,C05,C08,UberXL,7.32,27.0,21.0,900
1010,C05,C08,Pool,7.32,16.0,11.0,900
1011,C05,C08,UberX,7.32,15.0,12.0,900
1012,C05,C08,Black SUV,7.32,51.0,41.0,900
1013,C05,C08,WAV,7.32,15.0,12.0,900
1014,C05,C08,UberX Car Seat,7.32,27.0,21.0,900
1015,C05,C08,Black SUV Car Seat,7.32,61.0,49.0,900
1016,C05,C08,Black Car Seat,7.32,50.0,40.0,900
1017,C05,C09,Black,8.79,47.0,37.0,1080
1018,C05,C09,UberXL,8.79,31.0,25.0,1080
1019,C05,C09,Pool,8.79,18.0,13.0,1080
1020,C05,C09,UberX,8.79,18.0,14.0,1080
1021,C05,C09,Black SUV,8.79,59.0,47.0,1080
1022,C05,C09,WAV,8.79,18.0,14.0,1080
1023,C05,C09,UberX Car Seat,8.79,29.0,23.0,1080
1024,C05,C09,Black SUV Car Seat,8.79,69.0,56.0,1080
1025,C05,C09,Black Car Seat,8.79,57.0,46.0,1080
1026,C05,C10,Black,8.74,48.0,39.0,1200
1027,C05,C10,UberXL,8.74,32.0,25.0,1200
1028,C05,C10,Pool,8.74,18.0,13.0,1200
1029,C05,C10,UberX,8.74,18.0,14.0,1200
1030,C05,C10,Black SUV,8.74,60.0,48.0,1200
1031,C05,C10,WAV,8.74,18.0,14.0,1200
1032,C05,C10,UberX Car Seat,8.74,30.0,24.0,1200
1033,C05,C10,Black SUV Car Seat,8.74,71.0,57.0,1200
1034,C05,C10,Black Car Seat,8.74,59.0,47.0,1200
1035,C05,C12,Black,9.36,50.0,40.0,1260
1036,C05,C12,UberXL,9.36,33.0,26.0,1260
1037,C05,C12,Pool,9.36,19.0,14.0,1260
1038,C05,C12,UberX,9.36,19.0,15.0,1260
1039,C05,C12,Black SUV,9.36,63.0,50.0,1260
1040,C05,C12,WAV,9.36,19.0,15.0,1260
1041,C05,C12,UberX Car Seat,9.36,31.0,24.0,1260
1042,C05,C12,Black SUV Car Seat,9.36,73.0,59.0,1260
1043,C05,C12,Black Car Seat,9.36,61.0,49.0,1260
1044,C05,C13,Black,4.37,29.0,23.0,600
1045,C05,C13,UberXL,4.37,19.0,14.0,600
1046,C05,C13,Pool,4.37,12.0,8.0,600
1047,C05,C13,UberX,4.37,11.0,8.0,600
1048,C05,C13,Black SUV,4.37,39.0,31.0,600
1049,C05,C13,WAV,4.37,11.0,8.0,600
1050,C05,C13,UberX Car Seat,4.37,23.0,18.0,600
1051,C05,C13,Black SUV Car Seat,4.37,49.0,39.0,600
1052,C05,C13,Black Car Seat,4.37,39.0,31.0,600
1053,C05,C14,Black,1.53,18.0,14.0,300
1054,C05,C14,UberXL,1.53,11.0,8.0,300
1055,C05,C14,Pool,1.53,9.0,5.0,300
1056,C05,C14,UberX,1.53,8.0,6.0,300
1057,C05,C14,Black SUV,1.53,29.0,23.0,300
1058,C05,C14,WAV,1.53,8.0,6.0,300
1059,C05,C14,UberX Car Seat,1.53,19.0,14.0,300
1060,C05,C14,Black SUV Car Seat,1.53,39.0,31.0,300
1061,C05,C14,Black Car Seat,1.53,28.0,22.0,300
1062,C05,C15,Black,9.99,48.0,38.0,960
1063,C05,C15,UberXL,9.99,33.0,26.0,960
1064,C05,C15,Pool,9.99,18.0,13.0,960
1065,C05,C15,UberX,9.99,18.0,14.0,960
1066,C05,C15,Black SUV,9.99,60.0,48.0,960
1067,C05,C15,WAV,9.99,18.0,14.0,960
1068,C05,C15,UberX Car Seat,9.99,30.0,23.0,960
1069,C05,C15,Black SUV Car Seat,9.99,70.0,57.0,960
1070,C05,C15,Black Car Seat,9.99,58.0,47.0,960
1071,C05,F03,Black,13.38,61.0,49.0,1260
1072,C05,F03,UberXL,13.38,42.0,34.0,1260
1073,C05,F03,Pool,13.38,23.0,17.0,1260
1074,C05,F03,UberX,13.38,23.0,18.0,1260
1075,C05,F03,Black SUV,13.38,74.0,60.0,1260
1076,C05,F03,WAV,13.38,23.0,18.0,1260
1077,C05,F03,UberX Car Seat,13.38,34.0,27.0,1260
1078,C05,F03,Black SUV Car Seat,13.38,85.0,68.0,1260
1079,C05,F03,Black Car Seat,13.38,71.0,57.0,1260
1080,C06,C06,Black,2.5,22.0,17.0,420
1081,C06,C06,UberXL,2.5,13.0,10.0,420
1082,C06,C06,Pool,2.5,9.0,6.0,420
1083,C06,C06,UberX,2.5,9.0,6.0,420
1084,C06,C06,Black SUV,2.5,31.0,24.0,420
1085,C06,C06,WAV,2.5,9.0,6.0,420
1086,C06,C06,UberX Car Seat,2.5,20.0,16.0,420
1087,C06,C06,Black SUV Car Seat,2.5,41.0,33.0,420
1088,C06,C06,Black Car Seat,2.5,32.0,25.0,420
1089,C06,J02,Black,2.47,21.0,16.0,420
1090,C06,J02,UberXL,2.47,13.0,10.0,420
1091,C06,J02,Pool,2.47,9.0,6.0,420
1092,C06,J02,UberX,2.47,8.0,6.0,420
1093,C06,J02,Black SUV,2.47,30.0,24.0,420
1094,C06,J02,WAV,2.47,8.0,6.0,420
1095,C06,J02,UberX Car Seat,2.47,20.0,15.0,420
1096,C06,J02,Black SUV Car Seat,2.47,41.0,32.0,420
1097,C06,J02,Black Car Seat,2.47,32.0,25.0,420
1098,C06,C07,Black,2.66,22.0,17.0,420
1099,C06,C07,UberXL,2.66,14.0,10.0,420
1100,C06,C07,Pool,2.66,9.0,6.0,420
1101,C06,C07,UberX,2.66,9.0,6.0,420
1102,C06,C07,Black SUV,2.66,31.0,24.0,420
1103,C06,C07,WAV,2.66,9.0,6.0,420
1104,C06,C07,UberX Car Seat,2.66,20.0,16.0,420
1105,C06,C07,Black SUV Car Seat,2.66,41.0,33.0,420
1106,C06,C07,Black Car Seat,2.66,32.0,25.0,420
1107,C06,C08,Black,4.14,31.0,25.0,540
1108,C06,C08,UberXL,4.14,22.0,17.0,540
1109,C06,C08,Pool,4.14,15.0,11.0,540
1110,C06,C08,UberX,4.14,15.0,11.0,540
1111,C06,C08,Black SUV,4.14,41.0,33.0,540
1112,C06,C08,WAV,4.14,15.0,11.0,540
1113,C06,C08,UberX Car Seat,4.14,26.0,21.0,540
1114,C06,C08,Black SUV Car Seat,4.14,51.0,41.0,540
1115,C06,C08,Black Car Seat,4.14,42.0,33.0,540
1116,C06,C09,Black,6.64,36.0,29.0,720
1117,C06,C09,UberXL,6.64,24.0,19.0,720
1118,C06,C09,Pool,6.64,14.0,10.0,720
1119,C06,C09,UberX,6.64,14.0,11.0,720
1120,C06,C09,Black SUV,6.64,47.0,38.0,720
1121,C06,C09,WAV,6.64,14.0,11.0,720
1122,C06,C09,UberX Car Seat,6.64,26.0,20.0,720
1123,C06,C09,Black SUV Car Seat,6.64,57.0,46.0,720
1124,C06,C09,Black Car Seat,6.64,47.0,37.0,720
1125,C06,C10,Black,8.06,43.0,34.0,960
1126,C06,C10,UberXL,8.06,29.0,23.0,960
1127,C06,C10,Pool,8.06,15.0,11.0,960
1128,C06,C10,UberX,8.06,15.0,11.0,960
1129,C06,C10,Black SUV,8.06,55.0,44.0,960
1130,C06,C10,WAV,8.06,15.0,11.0,960
1131,C06,C10,UberX Car Seat,8.06,25.0,20.0,960
1132,C06,C10,Black SUV Car Seat,8.06,65.0,52.0,960
1133,C06,C10,Black Car Seat,8.06,54.0,43.0,960
1134,C06,C12,Black,8.02,45.0,36.0,1080
1135,C06,C12,UberXL,8.02,29.0,23.0,1080
1136,C06,C12,Pool,8.02,17.0,12.0,1080
1137,C06,C12,UberX,8.02,17.0,13.0,1080
1138,C06,C12,Black SUV,8.02,57.0,45.0,1080
1139,C06,C12,WAV,8.02,17.0,13.0,1080
1140,C06,C12,UberX Car Seat,8.02,29.0,23.0,1080
1141,C06,C12,Black SUV Car Seat,8.02,67.0,54.0,1080
1142,C06,C12,Black Car Seat,8.02,55.0,44.0,1080
1143,C06,C13,Black,8.63,47.0,38.0,1140
1144,C06,C13,UberXL,8.63,31.0,24.0,1140
1145,C06,C13,Pool,8.63,18.0,13.0,1140
1146,C06,C13,UberX,8.63,18.0,14.0,1140
1147,C06,C13,Black SUV,8.63,59.0,47.0,1140
1148,C06,C13,WAV,8.63,18.0,14.0,1140
1149,C06,C13,UberX Car Seat,8.63,29.0,23.0,1140
1150,C06,C13,Black SUV Car Seat,8.63,69.0,56.0,1140
1151,C06,C13,Black Car Seat,8.63,58.0,46.0,1140
1152,C06,C14,Black,3.7,25.0,20.0,480
1153,C06,C14,UberXL,3.7,16.0,12.0,480
1154,C06,C14,Pool,3.7,10.0,7.0,480
1155,C06,C14,UberX,3.7,10.0,7.0,480
1156,C06,C14,Black SUV,3.7,35.0,28.0,480
1157,C06,C14,WAV,3.7,10.0,7.0,480
1158,C06,C14,UberX Car Seat,3.7,21.0,17.0,480
1159,C06,C14,Black SUV Car Seat,3.7,45.0,36.0,480
1160,C06,C14,Black Car Seat,3.7,36.0,28.0,480
1161,C06,C15,Black,1.47,18.0,14.0,360
1162,C06,C15,UberXL,1.47,11.0,8.0,360
1163,C06,C15,Pool,1.47,9.0,5.0,360
1164,C06,C15,UberX,1.47,8.0,6.0,360
1165,C06,C15,Black SUV,1.47,29.0,23.0,360
1166,C06,C15,WAV,1.47,8.0,6.0,360
1167,C06,C15,UberX Car Seat,1.47,19.0,14.0,360
1168,C06,C15,Black SUV Car Seat,1.47,39.0,31.0,360
1169,C06,C15,Black Car Seat,1.47,28.0,22.0,360
1170,C06,F03,Black,9.27,45.0,36.0,900
1171,C06,F03,UberXL,9.27,31.0,24.0,900
1172,C06,F03,Pool,9.27,17.0,12.0,900
1173,C06,F03,UberX,9.27,17.0,13.0,900
1174,C06,F03,Black SUV,9.27,57.0,46.0,900
1175,C06,F03,WAV,9.27,17.0,13.0,900
1176,C06,F03,UberX Car Seat,9.27,29.0,23.0,900
1177,C06,F03,Black SUV Car Seat,9.27,67.0,54.0,900
1178,C06,F03,Black Car Seat,9.27,55.0,44.0,900
1179,C06,C05,Black,12.65,57.0,45.0,1140
1180,C06,C05,UberXL,12.65,40.0,32.0,1140
1181,C06,C05,Pool,12.65,23.0,17.0,1140
1182,C06,C05,UberX,12.65,23.0,18.0,1140
1183,C06,C05,Black SUV,12.65,70.0,56.0,1140
1184,C06,C05,WAV,12.65,23.0,18.0,1140
1185,C06,C05,UberX Car Seat,12.65,36.0,29.0,1140
1186,C06,C05,Black SUV Car Seat,12.65,80.0,65.0,1140
1187,C06,C05,Black Car Seat,12.65,67.0,54.0,1140
1188,J02,J02,Black,8.37,43.0,34.0,900
1189,J02,J02,UberXL,8.37,29.0,23.0,900
1190,J02,J02,Pool,8.37,17.0,12.0,900
1191,J02,J02,UberX,8.37,16.0,13.0,900
1192,J02,J02,Black SUV,8.37,55.0,44.0,900
1193,J02,J02,WAV,8.37,16.0,13.0,900
1194,J02,J02,UberX Car Seat,8.37,28.0,22.0,900
1195,J02,J02,Black SUV Car Seat,8.37,65.0,52.0,900
1196,J02,J02,Black Car Seat,8.37,54.0,43.0,900
1197,J02,C07,Black,7.97,41.0,32.0,840
1198,J02,C07,UberXL,7.97,28.0,22.0,840
1199,J02,C07,Pool,7.97,16.0,11.0,840
1200,J02,C07,UberX,7.97,16.0,12.0,840
1201,J02,C07,Black SUV,7.97,52.0,42.0,840
1202,J02,C07,WAV,7.97,16.0,12.0,840
1203,J02,C07,UberX Car Seat,7.97,27.0,21.0,840
1204,J02,C07,Black SUV Car Seat,7.97,62.0,50.0,840
1205,J02,C07,Black Car Seat,7.97,51.0,41.0,840
1206,J02,C08,Black,8.93,46.0,37.0,1020
1207,J02,C08,UberXL,8.93,31.0,24.0,1020
1208,J02,C08,Pool,8.93,18.0,13.0,1020
1209,J02,C08,UberX,8.93,18.0,13.0,1020
1210,J02,C08,Black SUV,8.93,58.0,47.0,1020
1211,J02,C08,WAV,8.93,18.0,13.0,1020
1212,J02,C08,UberX Car Seat,8.93,29.0,23.0,1020
1213,J02,C08,Black SUV Car Seat,8.93,68.0,55.0,1020
1214,J02,C08,Black Car Seat,8.93,57.0,45.0,1020
1215,J02,C09,Black,10.94,55.0,44.0,1020
1216,J02,C09,UberXL,10.94,40.0,32.0,1020
1217,J02,C09,Pool,10.94,24.0,18.0,1020
1218,J02,C09,UberX,10.94,24.0,19.0,1020
1219,J02,C09,Black SUV,10.94,68.0,55.0,1020
1220,J02,C09,WAV,10.94,24.0,19.0,1020
1221,J02,C09,UberX Car Seat,10.94,35.0,28.0,1020
1222,J02,C09,Black SUV Car Seat,10.94,78.0,63.0,1020
1223,J02,C09,Black Car Seat,10.94,66.0,53.0,1020
1224,J02,C10,Black,6.63,37.0,29.0,780
1225,J02,C10,UberXL,6.63,25.0,19.0,780
1226,J02,C10,Pool,6.63,15.0,10.0,780
1227,J02,C10,UberX,6.63,14.0,11.0,780
1228,J02,C10,Black SUV,6.63,48.0,38.0,780
1229,J02,C10,WAV,6.63,14.0,11.0,780
1230,J02,C10,UberX Car Seat,6.63,26.0,20.0,780
1231,J02,C10,Black SUV Car Seat,6.63,58.0,47.0,780
1232,J02,C10,Black Car Seat,6.63,47.0,38.0,780
1233,J02,C12,Black,4.59,29.0,23.0,600
1234,J02,C12,UberXL,4.59,19.0,15.0,600
1235,J02,C12,Pool,4.59,12.0,8.0,600
1236,J02,C12,UberX,4.59,11.0,8.0,600
1237,J02,C12,Black SUV,4.59,39.0,31.0,600
1238,J02,C12,WAV,4.59,11.0,8.0,600
1239,J02,C12,UberX Car Seat,4.59,23.0,18.0,600
1240,J02,C12,Black SUV Car Seat,4.59,50.0,40.0,600
1241,J02,C12,Black Car Seat,4.59,40.0,32.0,600
1242,J02,C13,Black,3.44,25.0,20.0,540
1243,J02,C13,UberXL,3.44,16.0,12.0,540
1244,J02,C13,Pool,3.44,11.0,7.0,540
1245,J02,C13,UberX,3.44,10.0,7.0,540
1246,J02,C13,Black SUV,3.44,35.0,28.0,540
1247,J02,C13,WAV,3.44,10.0,7.0,540
1248,J02,C13,UberX Car Seat,3.44,22.0,17.0,540
1249,J02,C13,Black SUV Car Seat,3.44,45.0,36.0,540
1250,J02,C13,Black Car Seat,3.44,36.0,28.0,540
1251,J02,C14,Black,3.63,26.0,20.0,540
1252,J02,C14,UberXL,3.63,17.0,13.0,540
1253,J02,C14,Pool,3.63,11.0,7.0,540
1254,J02,C14,UberX,3.63,10.0,7.0,540
1255,J02,C14,Black SUV,3.63,36.0,28.0,540
1256,J02,C14,WAV,3.63,10.0,7.0,540
1257,J02,C14,UberX Car Seat,3.63,22.0,17.0,540
1258,J02,C14,Black SUV Car Seat,3.63,46.0,37.0,540
1259,J02,C14,Black Car Seat,3.63,36.0,29.0,540
1260,J02,C15,Black,10.42,50.0,40.0,1020
1261,J02,C15,UberXL,10.42,34.0,27.0,1020
1262,J02,C15,Pool,10.42,19.0,14.0,1020
1263,J02,C15,UberX,10.42,19.0,15.0,1020
1264,J02,C15,Black SUV,10.42,62.0,50.0,1020
1265,J02,C15,WAV,10.42,19.0,15.0,1020
1266,J02,C15,UberX Car Seat,10.42,30.0,24.0,1020
1267,J02,C15,Black SUV Car Seat,10.42,72.0,58.0,1020
1268,J02,C15,Black Car Seat,10.42,60.0,48.0,1020
1269,J02,F03,Black,10.29,50.0,40.0,1020
1270,J02,F03,UberXL,10.29,34.0,27.0,1020
1271,J02,F03,Pool,10.29,19.0,14.0,1020
1272,J02,F03,UberX,10.29,19.0,15.0,1020
1273,J02,F03,Black SUV,10.29,62.0,50.0,1020
1274,J02,F03,WAV,10.29,19.0,15.0,1020
1275,J02,F03,UberX Car Seat,10.29,30.0,24.0,1020
1276,J02,F03,Black SUV Car Seat,10.29,72.0,58.0,1020
1277,J02,F03,Black Car Seat,10.29,60.0,48.0,1020
1278,J02,C05,Black,9.16,44.0,35.0,840
1279,J02,C05,UberXL,9.16,31.0,24.0,840
1280,J02,C05,Pool,9.16,17.0,12.0,840
1281,J02,C05,UberX,9.16,17.0,13.0,840
1282,J02,C05,Black SUV,9.16,56.0,45.0,840
1283,J02,C05,WAV,9.16,17.0,13.0,840
1284,J02,C05,UberX Car Seat,9.16,28.0,22.0,840
1285,J02,C05,Black SUV Car Seat,9.16,66.0,53.0,840
1286,J02,C05,Black Car Seat,9.16,55.0,44.0,840
1287,J02,C06,Black,4.4,29.0,23.0,660
1288,J02,C06,UberXL,4.4,19.0,14.0,660
1289,J02,C06,Pool,4.4,12.0,8.0,660
1290,J02,C06,UberX,4.4,11.0,8.0,660
1291,J02,C06,Black SUV,4.4,39.0,31.0,660
1292,J02,C06,WAV,4.4,11.0,8.0,660
1293,J02,C06,UberX Car Seat,4.4,23.0,18.0,660
1294,J02,C06,Black SUV Car Seat,4.4,49.0,40.0,660
1295,J02,C06,Black Car Seat,4.4,40.0,31.0,660
1296,J03,C07,Black,11.6,55.0,44.0,1200
1297,J03,C07,UberXL,11.6,38.0,30.0,1200
1298,J03,C07,Pool,11.6,22.0,17.0,1200
1299,J03,C07,UberX,11.6,23.0,18.0,1200
1300,J03,C07,Black SUV,11.6,68.0,55.0,1200
1301,J03,C07,WAV,11.6,23.0,18.0,1200
1302,J03,C07,UberX Car Seat,11.6,35.0,28.0,1200
1303,J03,C07,Black SUV Car Seat,11.6,78.0,63.0,1200
1304,J03,C07,Black Car Seat,11.6,65.0,53.0,1200
1305,J03,C08,Black,11.19,52.0,42.0,1080
1306,J03,C08,UberXL,11.19,36.0,29.0,1080
1307,J03,C08,Pool,11.19,20.0,15.0,1080
1308,J03,C08,UberX,11.19,20.0,15.0,1080
1309,J03,C08,Black SUV,11.19,65.0,52.0,1080
1310,J03,C08,WAV,11.19,20.0,15.0,1080
1311,J03,C08,UberX Car Seat,11.19,31.0,25.0,1080
1312,J03,C08,Black SUV Car Seat,11.19,75.0,61.0,1080
1313,J03,C08,Black Car Seat,11.19,63.0,51.0,1080
1314,J03,C09,Black,12.16,58.0,47.0,1320
1315,J03,C09,UberXL,12.16,40.0,32.0,1320
1316,J03,C09,Pool,12.16,22.0,16.0,1320
1317,J03,C09,UberX,12.16,22.0,17.0,1320
1318,J03,C09,Black SUV,12.16,71.0,58.0,1320
1319,J03,C09,WAV,12.16,22.0,17.0,1320
1320,J03,C09,UberX Car Seat,12.16,33.0,26.0,1320
1321,J03,C09,Black SUV Car Seat,12.16,82.0,66.0,1320
1322,J03,C09,Black Car Seat,12.16,69.0,55.0,1320
1323,J03,C10,Black,14.17,67.0,54.0,1320
1324,J03,C10,UberXL,14.17,48.0,39.0,1320
1325,J03,C10,Pool,14.17,28.0,21.0,1320
1326,J03,C10,UberX,14.17,28.0,22.0,1320
1327,J03,C10,Black SUV,14.17,81.0,66.0,1320
1328,J03,C10,WAV,14.17,28.0,22.0,1320
1329,J03,C10,UberX Car Seat,14.17,40.0,32.0,1320
1330,J03,C10,Black SUV Car Seat,14.17,92.0,74.0,1320
1331,J03,C10,Black Car Seat,14.17,78.0,63.0,1320
1332,J03,C12,Black,11.27,54.0,44.0,1200
1333,J03,C12,UberXL,11.27,37.0,29.0,1200
1334,J03,C12,Pool,11.27,21.0,15.0,1200
1335,J03,C12,UberX,11.27,21.0,16.0,1200
1336,J03,C12,Black SUV,11.27,67.0,54.0,1200
1337,J03,C12,WAV,11.27,21.0,16.0,1200
1338,J03,C12,UberX Car Seat,11.27,32.0,25.0,1200
1339,J03,C12,Black SUV Car Seat,11.27,78.0,63.0,1200
1340,J03,C12,Black Car Seat,11.27,65.0,52.0,1200
1341,J03,C13,Black,9.23,47.0,37.0,1020
1342,J03,C13,UberXL,9.23,32.0,25.0,1020
1343,J03,C13,Pool,9.23,18.0,13.0,1020
1344,J03,C13,UberX,9.23,18.0,14.0,1020
1345,J03,C13,Black SUV,9.23,59.0,47.0,1020
1346,J03,C13,WAV,9.23,18.0,14.0,1020
1347,J03,C13,UberX Car Seat,9.23,29.0,23.0,1020
1348,J03,C13,Black SUV Car Seat,9.23,69.0,56.0,1020
1349,J03,C13,Black Car Seat,9.23,57.0,46.0,1020
1350,J03,C14,Black,8.35,43.0,34.0,900
1351,J03,C14,UberXL,8.35,29.0,23.0,900
1352,J03,C14,Pool,8.35,17.0,12.0,900
1353,J03,C14,UberX,8.35,16.0,13.0,900
1354,J03,C14,Black SUV,8.35,55.0,44.0,900
1355,J03,C14,WAV,8.35,16.0,13.0,900
1356,J03,C14,UberX Car Seat,8.35,28.0,22.0,900
1357,J03,C14,Black SUV Car Seat,8.35,65.0,52.0,900
1358,J03,C14,Black Car Seat,8.35,54.0,43.0,900
1359,J03,C15,Black,8.27,43.0,35.0,960
1360,J03,C15,UberXL,8.27,29.0,23.0,960
1361,J03,C15,Pool,8.27,17.0,12.0,960
1362,J03,C15,UberX,8.27,17.0,13.0,960
1363,J03,C15,Black SUV,8.27,55.0,44.0,960
1364,J03,C15,WAV,8.27,17.0,13.0,960
1365,J03,C15,UberX Car Seat,8.27,28.0,22.0,960
1366,J03,C15,Black SUV Car Seat,8.27,65.0,52.0,960
1367,J03,C15,Black Car Seat,8.27,54.0,43.0,960
1368,J03,F03,Black,13.64,62.0,50.0,1320
1369,J03,F03,UberXL,13.64,43.0,34.0,1320
1370,J03,F03,Pool,13.64,23.0,17.0,1320
1371,J03,F03,UberX,13.64,23.0,18.0,1320
1372,J03,F03,Black SUV,13.64,76.0,61.0,1320
1373,J03,F03,WAV,13.64,23.0,18.0,1320
1374,J03,F03,UberX Car Seat,13.64,35.0,28.0,1320
1375,J03,F03,Black SUV Car Seat,13.64,86.0,69.0,1320
1376,J03,F03,Black Car Seat,13.64,72.0,58.0,1320
1377,J03,C05,Black,13.52,62.0,50.0,1320
1378,J03,C05,UberXL,13.52,43.0,34.0,1320
1379,J03,C05,Pool,13.52,23.0,17.0,1320
1380,J03,C05,UberX,13.52,23.0,18.0,1320
1381,J03,C05,Black SUV,13.52,76.0,61.0,1320
1382,J03,C05,WAV,13.52,23.0,18.0,1320
1383,J03,C05,UberX Car Seat,13.52,35.0,28.0,1320
1384,J03,C05,Black SUV Car Seat,13.52,86.0,69.0,1320
1385,J03,C05,Black Car Seat,13.52,72.0,58.0,1320
1386,J03,C06,Black,12.38,57.0,45.0,1140
1387,J03,C06,UberXL,12.38,39.0,31.0,1140
1388,J03,C06,Pool,12.38,23.0,17.0,1140
1389,J03,C06,UberX,12.38,23.0,18.0,1140
1390,J03,C06,Black SUV,12.38,70.0,56.0,1140
1391,J03,C06,WAV,12.38,23.0,18.0,1140
1392,J03,C06,UberX Car Seat,12.38,36.0,28.0,1140
1393,J03,C06,Black SUV Car Seat,12.38,80.0,65.0,1140
1394,J03,C06,Black Car Seat,12.38,67.0,54.0,1140
1395,J03,J02,Black,4.44,29.0,23.0,660
1396,J03,J02,UberXL,4.44,19.0,14.0,660
1397,J03,J02,Pool,4.44,11.0,7.0,660
1398,J03,J02,UberX,4.44,11.0,8.0,660
1399,J03,J02,Black SUV,4.44,39.0,31.0,660
1400,J03,J02,WAV,4.44,11.0,8.0,660
1401,J03,J02,UberX Car Seat,4.44,21.0,16.0,660
1402,J03,J02,Black SUV Car Seat,4.44,50.0,40.0,660
1403,J03,J02,Black Car Seat,4.44,40.0,32.0,660
